table_name,column_name,data_type,comment
catalog.schema.marketproduct,MarketProduct_SK,bigint,
catalog.schema.marketproduct,ClientID,string,
catalog.schema.marketproduct,MarketCode,string,
catalog.schema.marketproduct,MarketDesc,string,
catalog.schema.marketproduct,ProductCode,string,
catalog.schema.marketproduct,ProductDesc,string,
catalog.schema.marketproduct,SubProductCode,string,
catalog.schema.marketproduct,SubProductDesc,string,
catalog.schema.marketproduct,MarketSubProductCode,string,
catalog.schema.marketproduct,ParentGroupSyskey,int,
catalog.schema.marketproduct,ParentGroupID,string,
catalog.schema.marketproduct,ParentGroupName,string,
catalog.schema.marketproduct,GroupSysKey,int,
catalog.schema.marketproduct,GroupID,string,
catalog.schema.marketproduct,GroupName,string,
catalog.schema.marketproduct,SubgroupSysKey,int,
catalog.schema.marketproduct,SubgroupID,string,
catalog.schema.marketproduct,SubgroupName,string,
catalog.schema.marketproduct,SubProgramCode,string,
catalog.schema.marketproduct,SubProgramDesc,string,
catalog.schema.marketproduct,ClassPlanID,string,
catalog.schema.marketproduct,ClassPlanDesc,string,
catalog.schema.marketproduct,ProductID,string,
catalog.schema.marketproduct,PlanProductDesc,string,
catalog.schema.marketproduct,ProductCategoryCode,string,
catalog.schema.marketproduct,ProductCategoryDesc,string,
catalog.schema.marketproduct,MinAge,int,
catalog.schema.marketproduct,MaxAge,int,
catalog.schema.marketproduct,PFKIndicator,string,
catalog.schema.provider,Provider_SK,bigint,
catalog.schema.provider,ProviderNPI,string,
catalog.schema.provider,ProviderFederalTaxID,string,
catalog.schema.provider,ProviderTaxID,string,
catalog.schema.provider,ProviderName,string,
catalog.schema.provider,ProviderTaxIDName,string,
catalog.schema.provider,ProviderTypeDesc,string,
catalog.schema.provider,ProviderSpecialtyDesc,string,
catalog.schema.provider,ProviderSecondarySpecialtyDesc,string,
catalog.schema.dim_date,DimensionDate_sk,bigint,
catalog.schema.dim_date,DimensionDate,date,
catalog.schema.dim_date,DimensionMonthDate,date,
catalog.schema.dim_date,MonthName,string,
catalog.schema.dim_date,MonthAbbreviatedName,string,
catalog.schema.dim_date,CurrentMonthNumber,bigint,
catalog.schema.dim_date,MonthOfYearNumber,int,
catalog.schema.dim_date,MonthYearName,string,
catalog.schema.dim_date,MonthFirstDayDate,date,
catalog.schema.dim_date,MonthLastDayDate,date,
catalog.schema.dim_date,PriorMonthLastDayDate,date,
catalog.schema.dim_date,DimensionQuarterDate,date,
catalog.schema.dim_date,QuarterName,string,
catalog.schema.dim_date,CurrentQuarterNumber,bigint,
catalog.schema.dim_date,YearQuarter,int,
catalog.schema.dim_date,QuarterFirstDayDate,date,
catalog.schema.dim_date,QuarterLastDayDate,date,
catalog.schema.dim_date,DimensionYear,int,
catalog.schema.dim_date,CurrentYearNumber,bigint,
catalog.schema.dim_date,YearFirstDayDate,date,
catalog.schema.dim_date,YearLastDayDate,date,
catalog.schema.dim_date,YearMonth,int,
catalog.schema.dim_date,Year-Month,string,
catalog.schema.dim_date,DayNumber,int,
catalog.schema.dim_date,DaySuffixName,string,
catalog.schema.dim_date,DayOfYearNumber,int,
catalog.schema.dim_date,CurrentDayNumber,bigint,
catalog.schema.dim_date,WeekDayNumber,int,
catalog.schema.dim_date,WeekDayName,string,
catalog.schema.dim_date,WeekDayAbbreviatedName,string,
catalog.schema.dim_date,ISOWeek,int,
catalog.schema.dim_date,CaresourceWeek,int,
catalog.schema.dim_date,WeekOfYearNumber,int,
catalog.schema.dim_date,WeekOfMonthNumber,int,
catalog.schema.dim_date,WeekFirstDayDate,date,
catalog.schema.dim_date,WeekLastDayDate,date,
catalog.schema.dim_date,WeekendFlag,int,
catalog.schema.dim_date,HolidayFlag,int,
catalog.schema.dim_date,HolidayName,string,
catalog.schema.dim_date,SeriesBusinessDay,string,
catalog.schema.dim_ndc,Ndc_SK,bigint,
catalog.schema.dim_ndc,NDCCode,string,
catalog.schema.dim_ndc,DrugProductDesc,string,
catalog.schema.dim_ndc,DrugLabelName,string,
catalog.schema.dim_ndc,DrugGenericName,string,
catalog.schema.dim_ndc,DrugBaseNameCode,string,
catalog.schema.dim_ndc,DrugNameExtensionCode,string,
catalog.schema.dim_ndc,DrugNameExtensionDesc,string,
catalog.schema.dim_ndc,DrugNameDoseFormCode,string,
catalog.schema.dim_ndc,DrugNameDoseFormDesc,string,
catalog.schema.dim_ndc,DrugManufacturerId,string,
catalog.schema.dim_ndc,DrugManufacturerName,string,
catalog.schema.dim_ndc,DrugSuperGroupCode,string,
catalog.schema.dim_ndc,DrugSuperGroupDesc,string,
catalog.schema.dim_ndc,DrugGroupCode,string,
catalog.schema.dim_ndc,DrugGroupDesc,string,
catalog.schema.dim_ndc,DrugClassCode,string,
catalog.schema.dim_ndc,DrugClassDesc,string,
catalog.schema.dim_ndc,DrugSubClassCode,string,
catalog.schema.dim_ndc,DrugSubClassDesc,string,
catalog.schema.dim_ndc,MediSpanDEAClassCode,string,
catalog.schema.dim_ndc,DatabaseCode,string,
catalog.schema.dim_ndc,OTCCode,string,
catalog.schema.dim_ndc,UnitOfMeasureCode,string,
catalog.schema.dim_ndc,MaintenanceDrugCode,string,
catalog.schema.dim_ndc,MaintenanceDrugDesc,string,
catalog.schema.dim_ndc,MaintenanceDrugFlag,int,
catalog.schema.dim_ndc,BrandProductFlag,int,
catalog.schema.dim_ndc,ControlledSubstanceFlag,int,
catalog.schema.dim_ndc,SpecialtyFlag,int,
catalog.schema.dim_ndc,GPINumber,string,
catalog.schema.dim_ndc,StartDate,string,
catalog.schema.dim_ndc,EndDate,string,
catalog.schema.dim_ndc,MediSpanDrugProductName,string,
catalog.schema.dim_ndc,MediSpanDrugProductGenericName,string,
catalog.schema.dim_ndc,MediSpanDrugProductShortDesc,string,
catalog.schema.dim_ndc,MedispanDrugAWPPriceTypeCode,string,
catalog.schema.dim_ndc,MedispanDrugAWPUnitPriceAmount,double,
catalog.schema.dim_ndc,MedispanDrugAWPPackagePriceAmount,double,
catalog.schema.dim_ndc,FDATherapeuticClassCode,string,
catalog.schema.dim_ndc,FDATherapeuticClassDesc,string,
catalog.schema.dim_pharmacy,Pharmacy_Sk,bigint,
catalog.schema.dim_pharmacy,PharmacyNCPDPID,string,
catalog.schema.dim_pharmacy,PharmacyNPI,string,
catalog.schema.dim_pharmacy,PharmacyTaxIDNumber,string,
catalog.schema.dim_pharmacy,PharmacyDEANumber,string,
catalog.schema.dim_pharmacy,PharmacyName,string,
catalog.schema.dim_pharmacy,PharmacyAddress,string,
catalog.schema.dim_pharmacy,PharmacyAddress2,string,
catalog.schema.dim_pharmacy,PharmacyCity,string,
catalog.schema.dim_pharmacy,PharmacyCounty,string,
catalog.schema.dim_pharmacy,PharmacyStateCode,string,
catalog.schema.dim_pharmacy,PharmacyPostalCode,string,
catalog.schema.dim_pharmacy,PharmacyGroup,string,
catalog.schema.dim_pharmacy,DispenserClassCode,string,
catalog.schema.dim_pharmacy,DispenserClassCodeDescription,string,
catalog.schema.fact_member,Member_SK,bigint,
catalog.schema.fact_member,MemberSysKey,int,
catalog.schema.fact_member,Subscriber_SK,bigint,
catalog.schema.fact_member,SubscriberID,string,
catalog.schema.fact_member,SubscriberIDMemberIDSuffixNumber,string,
catalog.schema.fact_member,MemberIDSuffixNumber,int,
catalog.schema.fact_member,MemberSubscriberRelationshipCode,string,
catalog.schema.fact_member,SubscriberMedicaidID,string,
catalog.schema.fact_member,SubscriberMedicareID,string,
catalog.schema.fact_member,MemberStandardUniqueHealthID,string,
catalog.schema.fact_member,MemberName,string,
catalog.schema.fact_member,MemberFirstName,string,
catalog.schema.fact_member,MemberMiddleInitial,string,
catalog.schema.fact_member,MemberLastName,string,
catalog.schema.fact_member,MemberBirthDate,date,
catalog.schema.fact_member,MemberGenderCode,string,
catalog.schema.fact_member,MemberAddress,string,
catalog.schema.fact_member,MemberAddress2,string,
catalog.schema.fact_member,PhoneNumber,string,
catalog.schema.fact_member,PhoneNumberExt,string,
catalog.schema.fact_member,MemberEmailAddress,string,
catalog.schema.fact_member,MemberCity,string,
catalog.schema.fact_member,MemberState,string,
catalog.schema.fact_member,MemberZip,string,
catalog.schema.fact_member,MemberCountyName,string,
catalog.schema.fact_member,MemberEthnicityCode,string,
catalog.schema.fact_member,MemberEthnicity,string,
catalog.schema.fact_member,MemberLanguageCode,string,
catalog.schema.fact_member,MemberLanguageDesc,string,
catalog.schema.fact_member,MemberStatusCode,string,
catalog.schema.fact_member,MemberStatusDesc,string,
catalog.schema.fact_member,MemberAgreementEffectiveDate,date,
catalog.schema.fact_member,FamilyMemberCaseNbr,string,
catalog.schema.fact_member,GroupSysKey,int,
catalog.schema.fact_membermonth,MemberMonth_SK,bigint,
catalog.schema.fact_membermonth,Member_SK,bigint,
catalog.schema.fact_membermonth,MarketProduct_SK,bigint,
catalog.schema.fact_membermonth,MemberMonthStart,date,
catalog.schema.fact_membermonth,NewMemberCount,int,
catalog.schema.fact_membermonth,ContinueMemberCount,int,
catalog.schema.fact_membermonth,TermedMemberCount,int,
catalog.schema.fact_membermonth,StartOfMonthAge_SK,bigint,
catalog.schema.fact_membermonth,EndOfMonthAge_SK,bigint,
catalog.schema.fact_membermonth,MarketProgram_SK,bigint,
catalog.schema.fact_membermonth,ACOClassPlan_SK,bigint,
catalog.schema.fact_membermonth,ACOLookbackClassPlan_Sk,bigint,
catalog.schema.fact_membermonth,ACGEndMonthDate,date,
catalog.schema.fact_membermonth,ACGUnscaledRiskValue,"decimal(19,9)",
catalog.schema.fact_membermonth,ACGChronicConditionCount,int,
catalog.schema.fact_membermonth,ACGDialysisService,int,
catalog.schema.fact_membermonth,ACGNursingService,int,
catalog.schema.fact_membermonth,ACGMajorProcedure,int,
catalog.schema.fact_membermonth,ACGCancerTreatment,int,
catalog.schema.fact_membermonth,ACGPsychotherapyService,int,
catalog.schema.fact_membermonth,ACGMechanicalVentilation,int,
catalog.schema.fact_membermonth,ACGCalSSA,int,
catalog.schema.fact_membermonth,ACGResourceUtilizationBand,string,
catalog.schema.fact_membermonth,ACGUnscaledConcurrentRisk,"decimal(19,9)",
catalog.schema.fact_membermonth,ACGProbabilityPersistentHighUser,"decimal(19,9)",
catalog.schema.fact_membermonth,ACGMajorADGCount,int,
catalog.schema.fact_membermonth,ACGHospitalDominantMorbidityTypes,int,
catalog.schema.fact_membermonth,ACGDiagnosesUsed,int,
catalog.schema.fact_membermonth,ACGFrailtyFlag,string,
catalog.schema.fact_membermonth,ACGActiveIngredientCount,int,
catalog.schema.fact_membermonth,ACGUniqueProviderCount,int,
catalog.schema.fact_membermonth,ACGSpecialtyCount,int,
catalog.schema.fact_membermonth,ACGGeneralistSeen,string,
catalog.schema.fact_membermonth,ACGGeneralistVisitCount,int,
catalog.schema.fact_membermonth,ACGManagementVisitCount,int,
catalog.schema.fact_membermonth,ACGCoordinatedRiskCode,string,
catalog.schema.fact_membermonth,ACGFrailtyConceptCount,int,
catalog.schema.fact_membermonth,ACGConcomitantOpioidUser,string,
catalog.schema.fact_membermonth,ACGChronicOpioidUser,string,
catalog.schema.fact_membermonth,ACGOpioidDependent,string,
catalog.schema.fact_membermonth,ACGPatientNeedGroup,string,
catalog.schema.fact_membermonth,DaysInMonth,int,
catalog.schema.fact_membermonth,DaysCompleted,int,
catalog.schema.fact_membermonth,MonthDaysRatio,"decimal(21,11)",
catalog.schema.fact_membermonth,MemberAidCategory_SK,bigint,
catalog.schema.fact_membermonth,COBFlag,string,
catalog.schema.fact_membermonth,AssignedProvider_SK,bigint,
catalog.schema.fact_membermonth,AttributedProvider_SK,bigint,
catalog.schema.fact_pharmacy,PharmFactClaimID,bigint,
catalog.schema.fact_pharmacy,RxNumber,string,
catalog.schema.fact_pharmacy,ExternalTransactionRefID,string,
catalog.schema.fact_pharmacy,ExternalTransCrossRefID,string,
catalog.schema.fact_pharmacy,Practitioner_SK,bigint,
catalog.schema.fact_pharmacy,Pharmacy_SK,bigint,
catalog.schema.fact_pharmacy,Member_SK,bigint,
catalog.schema.fact_pharmacy,Subscriber_SK,bigint,
catalog.schema.fact_pharmacy,Ndc_SK,bigint,
catalog.schema.fact_pharmacy,MemberAgeAtRxFill_SK,bigint,
catalog.schema.fact_pharmacy,MarketProgram_SK,bigint,
catalog.schema.fact_pharmacy,FilledDate_Sk,bigint,
catalog.schema.fact_pharmacy,IncurredDate_SK,bigint,
catalog.schema.fact_pharmacy,WrittenDate_Sk,bigint,
catalog.schema.fact_pharmacy,PaidDate_Sk,bigint,
catalog.schema.fact_pharmacy,TransactionSubmitDate_Sk,bigint,
catalog.schema.fact_pharmacy,PharmacyClaimAttribute_SK,bigint,
catalog.schema.fact_pharmacy,PBMGenericFlag,int,
catalog.schema.fact_pharmacy,CompoundFlag,int,
catalog.schema.fact_pharmacy,RxClaimReversalFlag,int,
catalog.schema.fact_pharmacy,TransactionSubmitTime,timestamp,
catalog.schema.fact_pharmacy,TransactionSource,string,
catalog.schema.fact_pharmacy,AuthorizedRefillCount,int,
catalog.schema.fact_pharmacy,RefillNumber,int,
catalog.schema.fact_pharmacy,PrescribedQuantity,"decimal(14,2)",
catalog.schema.fact_pharmacy,DrugDaySupplyCount,int,
catalog.schema.fact_pharmacy,ARX,int,
catalog.schema.fact_pharmacy,DrugMetricQuantity,"decimal(14,2)",
catalog.schema.fact_pharmacy,DrugStrengthQuantity,string,
catalog.schema.fact_pharmacy,SubmissionClarificationCode,string,
catalog.schema.fact_pharmacy,CMSStatus,string,
catalog.schema.fact_pharmacy,NetIteration,string,
catalog.schema.fact_pharmacy,AdjustmentTypeCode,string,
catalog.schema.fact_pharmacy,AdjustmentReasonCode,string,
catalog.schema.fact_pharmacy,TransactionTypeCode,string,
catalog.schema.fact_pharmacy,PharmacyDAWCode,string,
catalog.schema.fact_pharmacy,PatientAge,int,
catalog.schema.fact_pharmacy,PatientPlaceOfServiceCode,string,
catalog.schema.fact_pharmacy,PatientFacilityID,string,
catalog.schema.fact_pharmacy,CMSPartDQualifiedFacilityFlag,string,
catalog.schema.fact_pharmacy,MailOrderDaysSupplyQuantity,int,
catalog.schema.fact_pharmacy,PatientResidenceCode,string,
catalog.schema.fact_pharmacy,PatientPersonCode,string,
catalog.schema.fact_pharmacy,PatientRelationshipCode,string,
catalog.schema.fact_pharmacy,PatientEligibilityClarificationCode,string,
catalog.schema.fact_pharmacy,DrugTypeCode,string,
catalog.schema.fact_pharmacy,DrugDosageFormCode,string,
catalog.schema.fact_pharmacy,DrugCategoryCode,string,
catalog.schema.fact_pharmacy,DEAClassificationCode,string,
catalog.schema.fact_pharmacy,ReversalCount,int,
catalog.schema.fact_pharmacy,CopayAmount,"decimal(14,2)",
catalog.schema.fact_pharmacy,DisallowIngredientAmount,"decimal(14,2)",
catalog.schema.fact_pharmacy,InvoicedAmount,"decimal(14,2)",
catalog.schema.fact_pharmacy,GrossDueAmount,"decimal(14,2)",
catalog.schema.fact_pharmacy,MOOPAmount,"decimal(14,2)",
catalog.schema.fact_pharmacy,OtherPayerRecognizedAmount,"decimal(14,2)",
catalog.schema.fact_pharmacy,DispensingSubmitAmount,"decimal(14,2)",
catalog.schema.fact_pharmacy,DispensingPaidAmount,"decimal(14,2)",
catalog.schema.fact_pharmacy,IngredientSubmitAmount,"decimal(14,2)",
catalog.schema.fact_pharmacy,IngredientPaidAmount,"decimal(14,2)",
catalog.schema.fact_pharmacy,PatientSubmitPaidAmount,int,
catalog.schema.fact_pharmacy,PatientPaidAmount,"decimal(14,2)",
catalog.schema.fact_pharmacy,ProfessionalServiceSubmitAmount,"decimal(14,2)",
catalog.schema.fact_pharmacy,UnitCostAmount,"decimal(14,2)",
catalog.schema.fact_pharmacy,PaidProfessionalServiceFeeAmount,"decimal(14,2)",
catalog.schema.fact_pharmacy,PaidFlatSalesTaxAmount,"decimal(14,2)",
catalog.schema.fact_pharmacy,PaidPercentageSalesTaxAmount,"decimal(15,5)",
catalog.schema.fact_pharmacy,AppliedPeriodicDeductableAmount,"decimal(14,2)",
catalog.schema.fact_pharmacy,CoinsuranceAmount,"decimal(14,2)",
catalog.schema.fact_pharmacy,MaximumAllowableCostPriceAmount,"decimal(14,2)",
catalog.schema.fact_pharmacy,UsualAndCustomaryChargeAmount,"decimal(14,2)",
catalog.schema.fact_pharmacy,MaximumAllowableCostReducedCode,int,
catalog.schema.fact_pharmacy,PharmacyServiceLevelCode,string,
catalog.schema.fact_pharmacy,CardholderOtherCoverageCode,string,
catalog.schema.fact_pharmacy,PharmacyClassCode,string,
catalog.schema.fact_pharmacy,LastRefreshDate,timestamp,
catalog.schema.fact_pharmacy,RxSource,string,